{
    "bed": 0.02016806723,
    "closet": 0.05294117647,
    "couch": 0.04537815126,
    "table": 0.181512605,
    "tv": 0.004838709677,
    "bag": 0.01612903226,
    "basket": 0.006451612903,
    "board": 0.001612903226,
    "books": 0.009677419355,
    "box": 0.008064516129,
    "chair": 0.185483871,
    "desktop": 0.03870967742,
    "monitor": 0.08548387097,
    "picture": 0.004838709677,
    "pillow": 0.01451612903,
    "rug": 0.003225806452,
    "walldecoration": 0.02096774194,
    "book": 0.01514195584,
    "bottle": 0.008517350158,
    "cam": 0.00141955836,
    "camera": 0.0009463722397,
    "clock": 0.0009463722397,
    "control": 0.004731861199,
    "cup": 0.02886435331,
    "fruit": 0.0009463722397,
    "headphones": 0.002839116719,
    "keyboard": 0.01845425868,
    "lamp": 0.01372239748,
    "laptop": 0.007097791798,
    "mouse": 0.01608832808,
    "mousepad": 0.006151419558,
    "notebook": 0.01088328076,
    "pen": 0.005678233438,
    "phone": 0.0009463722397,
    "pillbottle": 0.0009463722397,
    "plant": 0.003785488959,
    "plate": 0.05015772871,
    "shirt": 0.00141955836,
    "shoes": 0.002365930599,
    "silverware": 0.0761829653,
    "sodacan": 0.001892744479,
    "speakers": 0.01608832808,
    "stapler": 0.0004731861199,
    "tissuebox": 0.001892744479,
    "toy": 0.0009463722397,
    "videogameconsole": 0.0004731861199
}