{
    "ComputerDesk0": {
        "4698973d47c780654f48c7d5931203ac_12": {
            "location": [103.46521759033203, 205.87594604492188, 33.205238342285156],
            "rotation": [-0.3473204970359802, 1.4830507655272385e-10, 0.27377745509147644]
        }
    },
    "GaborAngieNew": {
        "15c98bfa322106a0d291861d5bc3e7c8_5": {
            "location": [23.22696304321289, 113.22567749023438, 5.564611434936523],
            "rotation": [1.0218193531036377, 0.5983164310455322, 0.7976893186569214]
        }
    },
    "GaborMattBedroom": {
        "4698973d47c780654f48c7d5931203ac_10": {
            "location": [11.474857330322266, 134.86505126953125, 34.356563568115234],
            "rotation": [-0.2932153046131134, 1.2983279987355533e-16, 0.6156690716743469]
        },
        "86b551bacf67ac442d4ead5a1be351b7_13": {
            "location": [12.7615385055542, 170.05955505371094, 5.614438056945801],
            "rotation": [-1.6144294738769531, -3.4350623678847114e-08, -1.6006693840026855]
        }
    },
    "GaborMichaelLiving": {
        "241b26438e8523ee2846fa729d90e125_7": {
            "location": [112.73833465576172, 86.1607666015625, 45.535308837890625],
            "rotation": [8.125719411908512e-17, 7.054437554315022e-24, 3.1415927410125732]
        }
    },
    "Living0": {
        "61c6c6a47e5b9d34496c7671bf276db5_5": {
            "location": [113.89053344726562, 173.97080993652344, 19.303749084472656],
            "rotation": [0.0, -0.0, 0.42700663208961487]
        },
        "1984973536838e84f11c3739edd52fa3_6": {
            "location": [129.1323699951172, 171.6476287841797, 19.660581588745117],
            "rotation": [0.0, -0.0, 2.4558842182159424]
        },
        "11e515cd806010b974287c0ff7c0f69a_7": {
            "location": [146.3173828125, 175.84811401367188, 19.361167907714844],
            "rotation": [0.0, -0.0, 1.2636433839797974]
        }
    },
    "MichaelAngie": {
        "2ac0c847fcb99e282ff75b616e150b90_33": {
            "location": [67.3498764038086, 78.48053741455078, 46.348262786865234],
            "rotation": [0.2705260217189789, -1.865873899831172e-09, -0.14752846956253052]
        }
    },
    "MichaelGates381": {
        "980ea79e2dab7a595f4027209dc8065d_48": {
            "location": [140.14852905273438, 97.56674194335938, 32.265140533447266],
            "rotation": [0.0, 0.0, 3.1415927410125732]
        },
        "980ea79e2dab7a595f4027209dc8065d_41": {
            "location": [84.4583740234375, 98.67020416259766, 32.265140533447266],
            "rotation": [0.0, 0.0, 3.1415927410125732]
        },
        "be8596d3551ac09a572998e4111efbdc_55": {
            "location": [167.5045928955078, 223.19908142089844, 33.432106018066406],
            "rotation": [0.0, 0.0, -1.5707963705062866]
        }
    },
    "MichaelMichael-living": {
        "787bf704109ef23b89c1825c188af072_12": {
            "location": [87.01758575439453, 106.31370544433594, 38.69567108154297],
            "rotation": [3.1415927410125732, 0.0, 3.1415927410125732]
        }
    },
    "SharonMattBedroom": {
        "4698973d47c780654f48c7d5931203ac_9": {
            "location": [23.343822479248047, 116.10443115234375, 31.125974655151367],
            "rotation": [-0.3193952441215515, -0.006981320679187775, 1.570796251296997]
        }
    },
    "termFigA": {
        "b5cb58fb099204fea5c423249b53dbc4_16": {
            "location": [25.79329490661621, 178.9500732421875, 24.352075576782227],
            "rotation": [-0.15657660365104675, -0.3927176892757416, 2.6324241161346436]
        }
    },
    "termFigB": {
        "760bb845e930b20d3627f4333c06e848_12": {
            "location": [131.56239318847656, 212.8870849609375, 39.042964935302734],
            "rotation": [-6.586954045930845e-25, 3.8249908919121914e-24, -1.8390430212020874]
        },
        "8b91348fd811322e583f4c0d2625bf24_17": {
            "location": [129.50450134277344, 213.60025024414062, 39.66144943237305],
            "rotation": [3.344223163099319e-24, 6.876088725419035e-24, -4.833061218261719]
        }
    },
    "termFigC": {
        "1308f3ff2e55eae4f1783a44a88d6274_5": {
            "location": [112.68623352050781, 182.06790161132812, 21.51858139038086],
            "rotation": [0.0, -0.0, 3.1415927410125732]
        }
    },
    "termFigD": {
        "810fac004670692fe9d7a3dffbf25100_10": {
            "location": [106.20775604248047, 224.9114990234375, 47.2205810546875],
            "rotation": [0.0, -0.0, 3.1415927410125732]
        },
        "da262a969415b79aab166950475a0b3e_16": {
            "location": [129.31748962402344, 226.9610137939453, 40.1667366027832],
            "rotation": [0.0, -0.0, -1.7959238290786743]
        },
        "da262a969415b79aab166950475a0b3e_15": {
            "location": [85.07228088378906, 223.14520263671875, 40.1667366027832],
            "rotation": [0.0, -0.0, 5.193225860595703]
        }
    },
    "termFigE": {
        "551f91dce955101db3910795bbb09e36_9": {
            "location": [101.89604949951172, 210.54612731933594, 32.46013641357422],
            "rotation": [0.0, -0.0, 0.0]
        },
        "787bf704109ef23b89c1825c188af072_14": {
            "location": [119.46762084960938, 212.11105346679688, 32.61555099487305],
            "rotation": [-3.691392680567907e-20, 1.1683721942097792e-19, 0.19043231010437012]
        }
    },
    "ZachGates381": {
        "5fff976b5cce26716870e413ec7729b0_22": {
            "location": [38.52632141113281, 107.30087280273438, 35.5258903503418],
            "rotation": [1.8747002475394697e-33, -1.8747000638684774e-33, 3.1415927410125732]
        },
        "4ca610046b322197fd93c2ac42357c74_48": {
            "location": [39.76557540893555, 109.67485046386719, 36.67608642578125],
            "rotation": [-5.624100191605432e-33, -3.749400127736955e-33, 3.1415927410125732],
            "scale": [1.1, 1.1, 1.1]
        }
    },
    "ZachJamesDesk": {
        "7f48a40e81e41aa3f69588174903070c_8": {
            "location": [107.5764389038086, 224.96897888183594, 32.47249221801758],
            "rotation": [4.082974236485626e-10, 1.6849556472298133e-10, -2.115312099456787]
        }
    }
}